{"client_meta":{"background_color":{"r":0.11764705926179886,"g":0.11764705926179886,"b":0.11764705926179886,"a":1},"thumbnail_size":{"width":108,"height":400},"render_coordinates":{"x":172,"y":490,"width":1440,"height":5346}},"file_name":"Layout 03","developer_related_links":[],"exported_at":"2026-05-26T22:21:33.750Z"}